product_id,product_category,location_id,date,demand,stock_level,incoming_inventory
IBWQ,General,WB,2023-07-01,0.0,10457.0,0
IBWQ,General,WB,2023-07-02,0.0,10457.0,0
IBWQ,General,WB,2023-07-03,0.0,10457.0,0
IBWQ,General,WB,2023-07-04,325.0,10132.0,0
IBWQ,General,WB,2023-07-05,1140.0,13128.0,0
IBWQ,General,WB,2023-07-06,1365.0,16964.0,0
IBWQ,General,WB,2023-07-07,0.0,16964.0,0
IBWQ,General,WB,2023-07-08,0.0,16964.0,0
IBWQ,General,WB,2023-07-09,0.0,16964.0,0
IBWQ,General,WB,2023-07-10,2790.0,17866.0,0
IBWQ,General,WB,2023-07-11,0.0,17866.0,0
IBWQ,General,WB,2023-07-12,2855.0,15011.0,0
IBWQ,General,WB,2023-07-13,450.0,14561.0,0
IBWQ,General,WB,2023-07-14,2955.0,11606.0,0
IBWQ,General,WB,2023-07-15,1810.0,9796.0,0
IBWQ,General,WB,2023-07-16,0.0,9796.0,0
IBWQ,General,WB,2023-07-17,1700.0,8096.0,0
IBWQ,General,WB,2023-07-18,2400.0,5696.0,0
IBWQ,General,WB,2023-07-19,1680.0,8498.0,0
IBWQ,General,WB,2023-07-20,2120.0,11504.0,0
IBWQ,General,WB,2023-07-21,2695.0,14247.0,0
IBWQ,General,WB,2023-07-22,1695.0,12552.0,0
IBWQ,General,WB,2023-07-23,0.0,12552.0,0
IBWQ,General,WB,2023-07-24,2350.0,10202.0,0
IBWQ,General,WB,2023-07-25,1170.0,9032.0,0
IBWQ,General,WB,2023-07-26,920.0,8112.0,0
IBWQ,General,WB,2023-07-27,1870.0,6242.0,0
IBWQ,General,WB,2023-07-28,700.0,5542.0,0
IBWQ,General,WB,2023-07-29,1500.0,6743.0,0
IBWQ,General,WB,2023-07-30,0.0,6743.0,0
IBWQ,General,WB,2023-07-31,3785.0,2958.0,0
IBWQ,General,WB,2023-08-01,0.0,2958.0,0
IBWQ,General,WB,2023-08-02,0.0,2958.0,0
IBWQ,General,WB,2023-08-03,100.0,7537.0,0
IBWQ,General,WB,2023-08-04,1440.0,12162.0,0
IBWQ,General,WB,2023-08-05,925.0,11237.0,0
IBWQ,General,WB,2023-08-06,0.0,11237.0,0
IBWQ,General,WB,2023-08-07,825.0,10412.0,0
IBWQ,General,WB,2023-08-08,1050.0,9362.0,0
IBWQ,General,WB,2023-08-09,1100.0,8262.0,0
IBWQ,General,WB,2023-08-10,650.0,10300.0,0
IBWQ,General,WB,2023-08-11,725.0,11485.0,0
IBWQ,General,WB,2023-08-12,535.0,13777.0,0
IBWQ,General,WB,2023-08-13,0.0,13777.0,0
IBWQ,General,WB,2023-08-14,920.0,12857.0,0
IBWQ,General,WB,2023-08-15,0.0,12857.0,0
IBWQ,General,WB,2023-08-16,0.0,12857.0,0
IBWQ,General,WB,2023-08-17,850.0,12007.0,0
IBWQ,General,WB,2023-08-18,470.0,14372.0,0
IBWQ,General,WB,2023-08-19,100.0,19159.0,0
IBWQ,General,WB,2023-08-20,330.0,18829.0,0
IBWQ,General,WB,2023-08-21,400.0,23519.0,0
IBWQ,General,WB,2023-08-22,200.0,23319.0,0
IBWQ,General,WB,2023-08-23,820.0,22499.0,0
IBWQ,General,WB,2023-08-24,2420.0,20079.0,0
IBWQ,General,WB,2023-08-26,920.0,17134.0,0
IBWQ,General,WB,2023-08-27,0.0,17134.0,0
IBWQ,General,WB,2023-08-28,1120.0,16014.0,0
IBWQ,General,WB,2023-08-29,2865.0,13149.0,0
IBWQ,General,WB,2023-08-30,3330.0,14762.0,0
IBWQ,General,WB,2023-08-31,1470.0,18151.0,0
IBWQ,General,WB,2023-09-01,1220.0,21344.0,0
IBWQ,General,WB,2023-09-02,880.0,22455.0,0
IBWQ,General,WB,2023-09-03,0.0,22455.0,0
IBWQ,General,WB,2023-09-04,130.0,22325.0,0
IBWQ,General,WB,2023-09-05,1150.0,21175.0,0
IBWQ,General,WB,2023-09-06,1640.0,19535.0,0
IBWQ,General,WB,2023-09-07,1060.0,18475.0,0
IBWQ,General,WB,2023-09-08,720.0,17755.0,0
IBWQ,General,WB,2023-09-09,1360.0,16395.0,0
IBWQ,General,WB,2023-09-10,0.0,16395.0,0
IBWQ,General,WB,2023-09-11,300.0,18802.0,0
IBWQ,General,WB,2023-09-12,1770.0,17032.0,0
IBWQ,General,WB,2023-09-13,1180.0,21145.0,0
IBWQ,General,WB,2023-09-14,2080.0,19065.0,0
IBWQ,General,WB,2023-09-15,2070.0,16995.0,0
IBWQ,General,WB,2023-09-16,1090.0,16995.0,0
IBWQ,General,WB,2023-09-17,0.0,16995.0,0
IBWQ,General,WB,2023-09-18,0.0,16995.0,0
IBWQ,General,WB,2023-09-19,3825.0,12080.0,0
IBWQ,General,WB,2023-09-20,980.0,11100.0,0
IBWQ,General,WB,2023-09-21,1370.0,9730.0,0
IBWQ,General,WB,2023-09-22,1390.0,8340.0,0
IBWQ,General,WB,2023-09-23,1750.0,6590.0,0
IBWQ,General,WB,2023-09-24,0.0,6590.0,0
IBWQ,General,WB,2023-09-25,1645.0,4945.0,0
IBWQ,General,WB,2023-09-26,1910.0,3035.0,0
IBWQ,General,WB,2023-09-27,2490.0,5637.0,0
IBWQ,General,WB,2023-09-28,1960.0,9274.0,0
IBWQ,General,WB,2023-09-29,3570.0,11488.0,0
IBWQ,General,WB,2023-09-30,6850.0,10153.0,0
IBWQ,General,WB,2023-10-01,0.0,10153.0,0
IBWQ,General,WB,2023-10-02,0.0,10153.0,0
IBWQ,General,WB,2023-10-03,120.0,10033.0,0
IBWQ,General,WB,2023-10-04,1550.0,8483.0,0
IBWQ,General,WB,2023-10-05,1110.0,7373.0,0
IBWQ,General,WB,2023-10-06,820.0,6553.0,0
IBWQ,General,WB,2023-10-07,270.0,6283.0,0
IBWQ,General,WB,2023-10-08,0.0,6283.0,0
IBWQ,General,WB,2023-10-09,450.0,5833.0,0
IBWQ,General,WB,2023-10-10,540.0,9907.0,0
IBWQ,General,WB,2023-10-11,570.0,14569.0,0
IBWQ,General,WB,2023-10-12,1170.0,19243.0,0
IBWQ,General,WB,2023-10-13,1705.0,24196.0,0
IBWQ,General,WB,2023-10-14,1870.0,22326.0,0
IBWQ,General,WB,2023-10-15,1105.0,21221.0,0
IBWQ,General,WB,2023-10-16,1340.0,19881.0,0
IBWQ,General,WB,2023-10-17,1390.0,18491.0,0
IBWQ,General,WB,2023-10-18,2300.0,16191.0,0
IBWQ,General,WB,2023-10-19,1960.0,14231.0,0
IBWQ,General,WB,2023-10-20,2050.0,17673.0,0
IBWQ,General,WB,2023-10-21,0.0,17673.0,0
IBWQ,General,WB,2023-10-22,0.0,17673.0,0
IBWQ,General,WB,2023-10-23,0.0,17673.0,0
IBWQ,General,WB,2023-10-24,0.0,17673.0,0
IBWQ,General,WB,2023-10-25,3520.0,19702.0,0
IBWQ,General,WB,2023-10-26,2680.0,23395.0,0
IBWQ,General,WB,2023-10-27,1450.0,21945.0,0
IBWQ,General,WB,2023-10-28,0.0,21945.0,0
IBWQ,General,WB,2023-10-29,2905.0,19040.0,0
IBWQ,General,WB,2023-10-30,4155.0,14885.0,0
IBWQ,General,WB,2023-10-31,2830.0,18606.0,0
IBWQ,General,WB,2023-11-01,150.0,23280.0,0
IBWQ,General,WB,2023-11-02,320.0,22960.0,0
IBWQ,General,WB,2023-11-03,320.0,22640.0,0
IBWQ,General,WB,2023-11-04,600.0,22040.0,0
IBWQ,General,WB,2023-11-05,0.0,22040.0,0
IBWQ,General,WB,2023-11-06,975.0,21065.0,0
IBWQ,General,WB,2023-11-07,650.0,20415.0,0
IBWQ,General,WB,2023-11-08,190.0,20225.0,0
IBWQ,General,WB,2023-11-09,440.0,19785.0,0
IBWQ,General,WB,2023-11-10,850.0,18935.0,0
IBWQ,General,WB,2023-11-11,950.0,17985.0,0
IBWQ,General,WB,2023-11-12,0.0,17985.0,0
IBWQ,General,WB,2023-11-13,0.0,17985.0,0
IBWQ,General,WB,2023-11-14,920.0,17065.0,0
IBWQ,General,WB,2023-11-15,0.0,17065.0,0
IBWQ,General,WB,2023-11-16,1835.0,15230.0,0
IBWQ,General,WB,2023-11-17,2240.0,12990.0,0
IBWQ,General,WB,2023-11-18,2195.0,10795.0,0
IBWQ,General,WB,2023-11-19,0.0,10795.0,0
IBWQ,General,WB,2023-11-20,1815.0,8980.0,0
IBWQ,General,WB,2023-11-21,920.0,13454.0,0
IBWQ,General,WB,2023-11-22,1255.0,17170.0,0
IBWQ,General,WB,2023-11-23,1145.0,22294.0,0
IBWQ,General,WB,2023-11-24,1050.0,21244.0,0
IBWQ,General,WB,2023-11-25,590.0,20654.0,0
IBWQ,General,WB,2023-11-26,0.0,20654.0,0
IBWQ,General,WB,2023-11-27,1210.0,19444.0,0
IBWQ,General,WB,2023-11-28,1480.0,17964.0,0
IBWQ,General,WB,2023-11-29,1580.0,16384.0,0
IBWQ,General,WB,2023-11-30,3930.0,18670.0,0
IBWQ,General,WB,2023-12-01,0.0,18670.0,0
IBWQ,General,WB,2023-12-02,0.0,24012.0,0
IBWQ,General,WB,2023-12-03,0.0,24012.0,0
IBWQ,General,WB,2023-12-04,0.0,24012.0,0
IBWQ,General,WB,2023-12-05,0.0,24012.0,0
IBWQ,General,WB,2023-12-06,710.0,23302.0,0
IBWQ,General,WB,2023-12-07,1530.0,21772.0,0
IBWQ,General,WB,2023-12-08,600.0,21172.0,0
IBWQ,General,WB,2023-12-09,580.0,20592.0,0
IBWQ,General,WB,2023-12-10,0.0,20592.0,0
IBWQ,General,WB,2023-12-11,550.0,20042.0,0
IBWQ,General,WB,2023-12-12,700.0,19342.0,0
IBWQ,General,WB,2023-12-13,720.0,18622.0,0
IBWQ,General,WB,2023-12-14,1090.0,17532.0,0
IBWQ,General,WB,2023-12-15,1470.0,16062.0,0
IBWQ,General,WB,2023-12-16,1240.0,14822.0,0
IBWQ,General,WB,2023-12-17,1040.0,13782.0,0
IBWQ,General,WB,2023-12-18,0.0,13782.0,0
IBWQ,General,WB,2023-12-19,1780.0,12002.0,0
IBWQ,General,WB,2023-12-20,985.0,11017.0,0
IBWQ,General,WB,2023-12-21,1390.0,9627.0,0
IBWQ,General,WB,2023-12-22,2030.0,13329.0,0
IBWQ,General,WB,2023-12-23,1670.0,17702.0,0
IBWQ,General,WB,2023-12-24,0.0,17702.0,0
IBWQ,General,WB,2023-12-25,2095.0,15607.0,0
IBWQ,General,WB,2023-12-26,1910.0,13697.0,0
IBWQ,General,WB,2023-12-27,1270.0,12427.0,0
IBWQ,General,WB,2023-12-28,1060.0,11367.0,0
IBWQ,General,WB,2023-12-29,2330.0,9037.0,0
IBWQ,General,WB,2023-12-30,2735.0,11104.0,0
IBWQ,General,WB,2023-12-31,2030.0,14821.0,0
IBWQ,General,WB,2024-01-01,0.0,14821.0,0
IBWQ,General,WB,2024-01-02,0.0,14821.0,0
IBWQ,General,WB,2024-01-03,600.0,14221.0,0
IBWQ,General,WB,2024-01-04,0.0,14221.0,0
IBWQ,General,WB,2024-01-05,695.0,13526.0,0
IBWQ,General,WB,2024-01-06,800.0,12726.0,0
IBWQ,General,WB,2024-01-07,0.0,12726.0,0
IBWQ,General,WB,2024-01-08,1075.0,11651.0,0
IBWQ,General,WB,2024-01-09,1550.0,10101.0,0
IBWQ,General,WB,2024-01-10,700.0,9401.0,0
IBWQ,General,WB,2024-01-11,1880.0,12847.0,0
IBWQ,General,WB,2024-01-12,0.0,12847.0,0
IBWQ,General,WB,2024-01-13,0.0,12847.0,0
IBWQ,General,WB,2024-01-14,0.0,12847.0,0
IBWQ,General,WB,2024-01-15,930.0,17143.0,0
IBWQ,General,WB,2024-01-16,875.0,16268.0,0
IBWQ,General,WB,2024-01-17,760.0,15508.0,0
IBWQ,General,WB,2024-01-18,735.0,14773.0,0
IBWQ,General,WB,2024-01-19,1200.0,13573.0,0
IBWQ,General,WB,2024-01-20,1070.0,12503.0,0
IBWQ,General,WB,2024-01-21,0.0,12503.0,0
IBWQ,General,WB,2024-01-22,850.0,11653.0,0
IBWQ,General,WB,2024-01-23,625.0,11028.0,0
IBWQ,General,WB,2024-01-24,725.0,10303.0,0
IBWQ,General,WB,2024-01-25,475.0,9828.0,0
IBWQ,General,WB,2024-01-26,0.0,9828.0,0
IBWQ,General,WB,2024-01-27,200.0,9628.0,0
IBWQ,General,WB,2024-01-28,0.0,9628.0,0
IBWQ,General,WB,2024-01-29,360.0,9268.0,0
IBWQ,General,WB,2024-01-30,2525.0,12249.0,0
IBWQ,General,WB,2024-01-31,5350.0,12258.0,0
IBWQ,General,WB,2024-02-01,0.0,12258.0,0
IBWQ,General,WB,2024-02-02,0.0,12258.0,0
IBWQ,General,WB,2024-02-03,0.0,12258.0,0
IBWQ,General,WB,2024-02-04,0.0,12258.0,0
IBWQ,General,WB,2024-02-05,915.0,11343.0,0
IBWQ,General,WB,2024-02-06,200.0,11143.0,0
IBWQ,General,WB,2024-02-07,675.0,10468.0,0
IBWQ,General,WB,2024-02-08,570.0,9898.0,0
IBWQ,General,WB,2024-02-09,980.0,8918.0,0
IBWQ,General,WB,2024-02-10,500.0,8418.0,0
IBWQ,General,WB,2024-02-11,0.0,8418.0,0
IBWQ,General,WB,2024-02-12,675.0,7743.0,0
IBWQ,General,WB,2024-02-13,700.0,12351.0,0
IBWQ,General,WB,2024-02-14,0.0,12351.0,0
IBWQ,General,WB,2024-02-15,585.0,17089.0,0
IBWQ,General,WB,2024-02-16,865.0,16224.0,0
IBWQ,General,WB,2024-02-17,730.0,15494.0,0
IBWQ,General,WB,2024-02-18,0.0,15494.0,0
IBWQ,General,WB,2024-02-19,760.0,14734.0,0
IBWQ,General,WB,2024-02-20,550.0,14184.0,0
IBWQ,General,WB,2024-02-21,100.0,14084.0,0
IBWQ,General,WB,2024-02-22,370.0,13714.0,0
IBWQ,General,WB,2024-02-23,870.0,12844.0,0
IBWQ,General,WB,2024-02-24,465.0,12379.0,0
IBWQ,General,WB,2024-02-25,0.0,12379.0,0
IBWQ,General,WB,2024-02-26,840.0,11539.0,0
IBWQ,General,WB,2024-02-27,690.0,10849.0,0
IBWQ,General,WB,2024-02-28,1640.0,9209.0,0
IBWQ,General,WB,2024-02-29,3605.0,10455.0,0
IBWQ,General,WB,2024-03-01,0.0,10455.0,0
IBWQ,General,WB,2024-03-02,0.0,10455.0,0
IBWQ,General,WB,2024-03-03,0.0,10455.0,0
IBWQ,General,WB,2024-03-04,1090.0,13878.0,0
IBWQ,General,WB,2024-03-05,785.0,13093.0,0
IBWQ,General,WB,2024-03-06,640.0,12453.0,0
IBWQ,General,WB,2024-03-07,390.0,12063.0,0
IBWQ,General,WB,2024-03-08,1080.0,10983.0,0
IBWQ,General,WB,2024-03-09,0.0,10983.0,0
IBWQ,General,WB,2024-03-10,0.0,10983.0,0
IBWQ,General,WB,2024-03-11,290.0,10693.0,0
IBWQ,General,WB,2024-03-12,2435.0,8258.0,0
IBWQ,General,WB,2024-03-13,2183.0,6075.0,0
IBWQ,General,WB,2024-03-14,1520.0,10000.0,0
IBWQ,General,WB,2024-03-15,2130.0,13730.0,0
IBWQ,General,WB,2024-03-16,895.0,12835.0,0
IBWQ,General,WB,2024-03-17,0.0,12835.0,0
IBWQ,General,WB,2024-03-18,3435.0,9400.0,0
IBWQ,General,WB,2024-03-19,900.0,8500.0,0
IBWQ,General,WB,2024-03-20,760.0,7740.0,0
IBWQ,General,WB,2024-03-21,2085.0,10883.0,0
IBWQ,General,WB,2024-03-22,1920.0,14510.0,0
IBWQ,General,WB,2024-03-23,1860.0,12650.0,0
IBWQ,General,WB,2024-03-24,0.0,12650.0,0
IBWQ,General,WB,2024-03-25,0.0,12650.0,0
IBWQ,General,WB,2024-03-26,3245.0,9405.0,0
IBWQ,General,WB,2024-03-27,1315.0,8090.0,0
IBWQ,General,WB,2024-03-28,2795.0,5295.0,0
IBWQ,General,WB,2024-03-29,2270.0,3025.0,0
IBWQ,General,WB,2024-03-30,2130.0,5822.0,0
IBWQ,General,WB,2024-03-31,3940.0,1882.0,0
IBWQ,General,WB,2024-04-01,0.0,1882.0,0
IBWQ,General,WB,2024-04-02,0.0,1882.0,0
IBWQ,General,WB,2024-04-03,0.0,6688.0,0
IBWQ,General,WB,2024-04-04,600.0,6088.0,0
IBWQ,General,WB,2024-04-05,790.0,5298.0,0
IBWQ,General,WB,2024-04-06,240.0,5058.0,0
IBWQ,General,WB,2024-04-07,0.0,5058.0,0
IBWQ,General,WB,2024-04-08,300.0,4758.0,0
IBWQ,General,WB,2024-04-09,350.0,4408.0,0
IBWQ,General,WB,2024-04-10,415.0,9329.0,0
IBWQ,General,WB,2024-04-11,470.0,14172.0,0
IBWQ,General,WB,2024-04-12,945.0,13227.0,0
IBWQ,General,WB,2024-04-13,930.0,12297.0,0
IBWQ,General,WB,2024-04-14,0.0,12297.0,0
IBWQ,General,WB,2024-04-15,1070.0,11227.0,0
IBWQ,General,WB,2024-04-16,1205.0,10022.0,0
IBWQ,General,WB,2024-04-17,750.0,9272.0,0
IBWQ,General,WB,2024-04-18,965.0,13622.0,0
IBWQ,General,WB,2024-04-19,730.0,18303.0,0
IBWQ,General,WB,2024-04-20,60.0,18243.0,0
IBWQ,General,WB,2024-04-21,0.0,18243.0,0
IBWQ,General,WB,2024-04-22,710.0,17533.0,0
IBWQ,General,WB,2024-04-23,970.0,16563.0,0
IBWQ,General,WB,2024-04-24,340.0,16223.0,0
IBWQ,General,WB,2024-04-25,880.0,15343.0,0
IBWQ,General,WB,2024-04-26,2410.0,18392.0,0
IBWQ,General,WB,2024-04-27,1360.0,17032.0,0
IBWQ,General,WB,2024-04-28,5510.0,11522.0,0
IBWQ,General,WB,2024-04-29,750.0,16206.0,0
IBWQ,General,WB,2024-04-30,6820.0,9386.0,0
IBWQ,General,WB,2024-05-01,0.0,9386.0,0
IBWQ,General,WB,2024-05-02,0.0,9386.0,0
IBWQ,General,WB,2024-05-03,0.0,9386.0,0
IBWQ,General,WB,2024-05-04,0.0,9386.0,0
IBWQ,General,WB,2024-05-05,0.0,9386.0,0
IBWQ,General,WB,2024-05-06,1040.0,8346.0,0
IBWQ,General,WB,2024-05-07,910.0,7436.0,0
IBWQ,General,WB,2024-05-08,0.0,12716.0,0
IBWQ,General,WB,2024-05-09,170.0,18538.0,0
IBWQ,General,WB,2024-05-10,0.0,18538.0,0
IBWQ,General,WB,2024-05-11,210.0,18328.0,0
IBWQ,General,WB,2024-05-12,0.0,18328.0,0
IBWQ,General,WB,2024-05-13,450.0,17878.0,0
IBWQ,General,WB,2024-05-14,2660.0,15218.0,0
IBWQ,General,WB,2024-05-15,120.0,15098.0,0
IBWQ,General,WB,2024-05-16,1590.0,13508.0,0
IBWQ,General,WB,2024-05-17,2200.0,16344.0,0
IBWQ,General,WB,2024-05-18,1420.0,19965.0,0
IBWQ,General,WB,2024-05-19,0.0,19965.0,0
IBWQ,General,WB,2024-05-20,0.0,19965.0,0
IBWQ,General,WB,2024-05-21,3190.0,16775.0,0
IBWQ,General,WB,2024-05-22,2570.0,14205.0,0
IBWQ,General,WB,2024-05-23,2640.0,16782.0,0
IBWQ,General,WB,2024-05-24,2810.0,19409.0,0
IBWQ,General,WB,2024-05-25,1310.0,18099.0,0
IBWQ,General,WB,2024-05-26,0.0,18099.0,0
IBWQ,General,WB,2024-05-27,0.0,18099.0,0
IBWQ,General,WB,2024-05-28,3265.0,14834.0,0
IBWQ,General,WB,2024-05-29,1440.0,13394.0,0
IBWQ,General,WB,2024-05-30,1980.0,11414.0,0
IBWQ,General,WB,2024-05-31,2160.0,13467.0,0
IBWQ,General,WB,2024-06-01,0.0,18437.0,0
IBWQ,General,WB,2024-06-02,0.0,18437.0,0
IBWQ,General,WB,2024-06-03,0.0,18437.0,0
IBWQ,General,WB,2024-06-04,1390.0,17047.0,0
IBWQ,General,WB,2024-06-05,1145.0,15902.0,0
IBWQ,General,WB,2024-06-06,650.0,15252.0,0
IBWQ,General,WB,2024-06-07,1170.0,14082.0,0
IBWQ,General,WB,2024-06-08,1655.0,12427.0,0
IBWQ,General,WB,2024-06-09,0.0,12427.0,0
IBWQ,General,WB,2024-06-10,585.0,11842.0,0
IBWQ,General,WB,2024-06-11,670.0,11172.0,0
IBWQ,General,WB,2024-06-12,740.0,15336.0,0
IBWQ,General,WB,2024-06-13,1440.0,18840.0,0
IBWQ,General,WB,2024-06-14,620.0,18220.0,0
IBWQ,General,WB,2024-06-15,470.0,17750.0,0
IBWQ,General,WB,2024-06-16,0.0,17750.0,0
IBWQ,General,WB,2024-06-17,0.0,17750.0,0
IBWQ,General,WB,2024-06-18,220.0,17530.0,0
IBWQ,General,WB,2024-06-19,540.0,16990.0,0
IBWQ,General,WB,2024-06-20,1190.0,15800.0,0
IBWQ,General,WB,2024-06-21,1650.0,14150.0,0
IBWQ,General,WB,2024-06-22,1590.0,12560.0,0
IBWQ,General,WB,2024-06-23,0.0,12560.0,0
IBWQ,General,WB,2024-06-24,990.0,11570.0,0
IBWQ,General,WB,2024-06-25,1170.0,10400.0,0
IBWQ,General,WB,2024-06-26,1565.0,8835.0,0
IBWQ,General,WB,2024-06-27,2090.0,6745.0,0
IBWQ,General,WB,2024-06-28,570.0,6175.0,0
IBWQ,General,WB,2024-06-29,1565.0,4610.0,0
IBWQ,General,WB,2024-06-30,4010.0,5660.0,0
IBWQ,General,WB,2024-07-01,0.0,5660.0,0
IBWQ,General,WB,2024-07-02,0.0,5660.0,0
IBWQ,General,WB,2024-07-03,0.0,10613.0,0
IBWQ,General,WB,2024-07-04,300.0,10313.0,0
IBWQ,General,WB,2024-07-05,620.0,9693.0,0
IBWQ,General,WB,2024-07-06,710.0,8983.0,0
IBWQ,General,WB,2024-07-07,0.0,8983.0,0
IBWQ,General,WB,2024-07-08,725.0,8258.0,0
IBWQ,General,WB,2024-07-09,600.0,7658.0,0
IBWQ,General,WB,2024-07-10,300.0,7358.0,0
IBWQ,General,WB,2024-07-11,216.0,7142.0,0
IBWQ,General,WB,2024-07-12,150.0,12199.0,0
IBWQ,General,WB,2024-07-13,190.0,12009.0,0
IBWQ,General,WB,2024-07-14,0.0,12009.0,0
IBWQ,General,WB,2024-07-15,1050.0,14822.0,0
IBWQ,General,WB,2024-07-16,400.0,14422.0,0
IBWQ,General,WB,2024-07-17,685.0,13737.0,0
IBWQ,General,WB,2024-07-18,270.0,13467.0,0
IBWQ,General,WB,2024-07-19,1185.0,12282.0,0
IBWQ,General,WB,2024-07-20,1790.0,10492.0,0
IBWQ,General,WB,2024-07-21,0.0,10492.0,0
IBWQ,General,WB,2024-07-22,450.0,10042.0,0
IBWQ,General,WB,2024-07-23,1200.0,8842.0,0
IBWQ,General,WB,2024-07-24,780.0,8062.0,0
IBWQ,General,WB,2024-07-25,870.0,7192.0,0
IBWQ,General,WB,2024-07-26,2290.0,4902.0,0
IBWQ,General,WB,2024-07-27,2450.0,2452.0,0
IBWQ,General,WB,2024-07-28,0.0,2452.0,0
IBWQ,General,WB,2024-07-29,2433.0,4787.0,0
IBWQ,General,WB,2024-07-30,2050.0,8089.0,0
IBWQ,General,WB,2024-07-31,3460.0,4629.0,0
IBWQ,General,WB,2024-08-01,0.0,4629.0,0
IBWQ,General,WB,2024-08-02,450.0,4179.0,0
IBWQ,General,WB,2024-08-03,900.0,3279.0,0
IBWQ,General,WB,2024-08-04,0.0,3279.0,0
IBWQ,General,WB,2024-08-05,320.0,2959.0,0
IBWQ,General,WB,2024-08-06,590.0,2369.0,0
IBWQ,General,WB,2024-08-07,670.0,6907.0,0
IBWQ,General,WB,2024-08-08,820.0,11526.0,0
IBWQ,General,WB,2024-08-09,1440.0,14934.0,0
IBWQ,General,WB,2024-08-10,326.0,14608.0,0
IBWQ,General,WB,2024-08-11,810.0,13798.0,0
IBWQ,General,WB,2024-08-12,640.0,13158.0,0
IBWQ,General,WB,2024-08-13,350.0,12808.0,0
IBWQ,General,WB,2024-08-14,0.0,12808.0,0
IBWQ,General,WB,2024-08-15,0.0,12808.0,0
IBWQ,General,WB,2024-08-16,0.0,12808.0,0
IBWQ,General,WB,2024-08-17,720.0,12088.0,0
IBWQ,General,WB,2024-08-18,0.0,12088.0,0
IBWQ,General,WB,2024-08-19,400.0,11688.0,0
IBWQ,General,WB,2024-08-20,100.0,11588.0,0
IBWQ,General,WB,2024-08-21,200.0,11388.0,0
IBWQ,General,WB,2024-08-22,100.0,11288.0,0
IBWQ,General,WB,2024-08-23,550.0,10738.0,0
IBWQ,General,WB,2024-08-24,210.0,10528.0,0
IBWQ,General,WB,2024-08-25,0.0,10528.0,0
IBWQ,General,WB,2024-08-26,660.0,9868.0,0
IBWQ,General,WB,2024-08-27,1050.0,13659.0,0
IBWQ,General,WB,2024-08-28,5535.0,13613.0,0
IBWQ,General,WB,2024-08-29,2823.0,10790.0,0
IBWQ,General,WB,2024-08-30,460.0,10330.0,0
IBWQ,General,WB,2024-08-31,0.0,10330.0,0
IBWQ,General,WB,2024-09-01,0.0,10330.0,0
IBWQ,General,WB,2024-09-02,0.0,10330.0,0
IBWQ,General,WB,2024-09-03,0.0,10330.0,0
IBWQ,General,WB,2024-09-04,0.0,10330.0,0
IBWQ,General,WB,2024-09-05,220.0,10110.0,0
IBWQ,General,WB,2024-09-06,920.0,9190.0,0
IBWQ,General,WB,2024-09-07,540.0,8650.0,0
IBWQ,General,WB,2024-09-08,0.0,8650.0,0
IBWQ,General,WB,2024-09-09,300.0,8350.0,0
IBWQ,General,WB,2024-09-10,580.0,7770.0,0
IBWQ,General,WB,2024-09-11,450.0,7320.0,0
IBWQ,General,WB,2024-09-12,1420.0,5900.0,0
IBWQ,General,WB,2024-09-13,700.0,5200.0,0
IBWQ,General,WB,2024-09-14,760.0,5200.0,0
IBWQ,General,WB,2024-09-15,0.0,10387.0,0
IBWQ,General,WB,2024-09-16,850.0,13690.0,0
IBWQ,General,WB,2024-09-17,0.0,13690.0,0
IBWQ,General,WB,2024-09-18,2230.0,11460.0,0
IBWQ,General,WB,2024-09-19,750.0,10710.0,0
IBWQ,General,WB,2024-09-20,1360.0,9350.0,0
IBWQ,General,WB,2024-09-21,680.0,8670.0,0
IBWQ,General,WB,2024-09-22,0.0,8670.0,0
IBWQ,General,WB,2024-09-23,640.0,8030.0,0
IBWQ,General,WB,2024-09-24,1220.0,6810.0,0
IBWQ,General,WB,2024-09-25,800.0,6010.0,0
IBWQ,General,WB,2024-09-26,970.0,11391.0,0
IBWQ,General,WB,2024-09-27,1170.0,16209.0,0
IBWQ,General,WB,2024-09-28,400.0,15809.0,0
IBWQ,General,WB,2024-09-29,1890.0,13919.0,0
IBWQ,General,WB,2024-09-30,2140.0,11779.0,0
IBWQ,General,WB,2024-10-01,0.0,11779.0,0
IBWQ,General,WB,2024-10-02,0.0,11779.0,0
IBWQ,General,WB,2024-10-03,0.0,11779.0,0
IBWQ,General,WB,2024-10-04,2415.0,14423.0,0
IBWQ,General,WB,2024-10-05,930.0,13493.0,0
IBWQ,General,WB,2024-10-06,900.0,12593.0,0
IBWQ,General,WB,2024-10-07,1665.0,10928.0,0
IBWQ,General,WB,2024-10-08,1840.0,9088.0,0
IBWQ,General,WB,2024-10-09,1750.0,12628.0,0
IBWQ,General,WB,2024-10-10,0.0,12628.0,0
IBWQ,General,WB,2024-10-11,0.0,12628.0,0
IBWQ,General,WB,2024-10-12,0.0,12628.0,0
IBWQ,General,WB,2024-10-13,0.0,12628.0,0
IBWQ,General,WB,2024-10-14,0.0,12628.0,0
IBWQ,General,WB,2024-10-15,2020.0,16227.0,0
IBWQ,General,WB,2024-10-16,1360.0,20108.0,0
IBWQ,General,WB,2024-10-17,0.0,20108.0,0
IBWQ,General,WB,2024-10-18,2100.0,18008.0,0
IBWQ,General,WB,2024-10-19,2310.0,15698.0,0
IBWQ,General,WB,2024-10-20,0.0,15698.0,0
IBWQ,General,WB,2024-10-21,1410.0,14288.0,0
IBWQ,General,WB,2024-10-22,1510.0,12778.0,0
IBWQ,General,WB,2024-10-23,410.0,12368.0,0
IBWQ,General,WB,2024-10-24,420.0,11948.0,0
IBWQ,General,WB,2024-10-25,1550.0,10398.0,0
IBWQ,General,WB,2024-10-26,940.0,9458.0,0
IBWQ,General,WB,2024-10-27,0.0,9458.0,0
IBWQ,General,WB,2024-10-28,760.0,8698.0,0
IBWQ,General,WB,2024-10-29,1340.0,7358.0,0
IBWQ,General,WB,2024-10-30,1890.0,5468.0,0
IBWQ,General,WB,2024-10-31,3450.0,2018.0,0
IBWQ,General,WB,2024-11-01,0.0,2018.0,0
IBWQ,General,WB,2024-11-02,0.0,2018.0,0
IBWQ,General,WB,2024-11-03,0.0,2018.0,0
IBWQ,General,WB,2024-11-04,700.0,6353.0,0
IBWQ,General,WB,2024-11-05,250.0,6103.0,0
IBWQ,General,WB,2024-11-06,360.0,5743.0,0
IBWQ,General,WB,2024-11-07,1360.0,4383.0,0
IBWQ,General,WB,2024-11-08,720.0,3663.0,0
IBWQ,General,WB,2024-11-09,0.0,3663.0,0
IBWQ,General,WB,2024-11-10,0.0,3663.0,0
IBWQ,General,WB,2024-11-11,400.0,3263.0,0
IBWQ,General,WB,2024-11-12,350.0,7643.0,0
IBWQ,General,WB,2024-11-13,470.0,12449.0,0
IBWQ,General,WB,2024-11-14,1165.0,11284.0,0
IBWQ,General,WB,2024-11-15,970.0,10314.0,0
IBWQ,General,WB,2024-11-16,600.0,9714.0,0
IBWQ,General,WB,2024-11-17,0.0,9714.0,0
IBWQ,General,WB,2024-11-18,90.0,9624.0,0
IBWQ,General,WB,2024-11-19,740.0,8884.0,0
IBWQ,General,WB,2024-11-20,390.0,8494.0,0
IBWQ,General,WB,2024-11-21,620.0,7874.0,0
IBWQ,General,WB,2024-11-22,440.0,7434.0,0
IBWQ,General,WB,2024-11-23,390.0,7044.0,0
IBWQ,General,WB,2024-11-24,0.0,7044.0,0
IBWQ,General,WB,2024-11-25,380.0,6664.0,0
IBWQ,General,WB,2024-11-26,690.0,10632.0,0
IBWQ,General,WB,2024-11-27,1608.0,14477.0,0
IBWQ,General,WB,2024-11-28,620.0,19304.0,0
IBWQ,General,WB,2024-11-29,875.0,18429.0,0
IBWQ,General,WB,2024-11-30,5610.0,12819.0,0
IBWQ,General,WB,2024-12-01,0.0,12819.0,0
IBWQ,General,WB,2024-12-02,0.0,12819.0,0
IBWQ,General,WB,2024-12-03,1340.0,11479.0,0
IBWQ,General,WB,2024-12-04,0.0,11479.0,0
IBWQ,General,WB,2024-12-05,700.0,10779.0,0
IBWQ,General,WB,2024-12-06,370.0,10409.0,0
IBWQ,General,WB,2024-12-07,1050.0,9359.0,0
IBWQ,General,WB,2024-12-08,0.0,9359.0,0
IBWQ,General,WB,2024-12-09,0.0,9359.0,0
IBWQ,General,WB,2024-12-10,850.0,8509.0,0
IBWQ,General,WB,2024-12-11,475.0,8034.0,0
IBWQ,General,WB,2024-12-12,500.0,7534.0,0
IBWQ,General,WB,2024-12-13,200.0,7334.0,0
IBWQ,General,WB,2024-12-14,950.0,6384.0,0
IBWQ,General,WB,2024-12-15,0.0,6384.0,0
IBWQ,General,WB,2024-12-16,1150.0,5234.0,0
IBWQ,General,WB,2024-12-17,1050.0,4184.0,0
IBWQ,General,WB,2024-12-18,785.0,3399.0,0
IBWQ,General,WB,2024-12-19,1510.0,1889.0,0
IBWQ,General,WB,2024-12-20,2320.0,9972.0,0
IBWQ,General,WB,2024-12-21,2065.0,7907.0,0
IBWQ,General,WB,2024-12-22,0.0,7907.0,0
IBWQ,General,WB,2024-12-23,1270.0,6637.0,0
IBWQ,General,WB,2024-12-24,2110.0,9496.0,0
IBWQ,General,WB,2024-12-25,0.0,14915.0,0
IBWQ,General,WB,2024-12-26,2700.0,17546.0,0
IBWQ,General,WB,2024-12-27,3020.0,14526.0,0
IBWQ,General,WB,2024-12-28,4530.0,9996.0,0
IBWQ,General,WB,2024-12-29,6600.0,3396.0,0
IBWQ,General,WB,2024-12-30,3000.0,396.0,0
IBWQ,General,WB,2024-12-31,320.0,76.0,0
IBWQ,General,WB,2025-01-01,0.0,76.0,0
IBWQ,General,WB,2025-01-02,0.0,5049.0,0
IBWQ,General,WB,2025-01-03,0.0,5049.0,0
IBWQ,General,WB,2025-01-04,0.0,5049.0,0
IBWQ,General,WB,2025-01-05,0.0,5049.0,0
IBWQ,General,WB,2025-01-06,0.0,10511.0,0
IBWQ,General,WB,2025-01-07,500.0,10011.0,0
IBWQ,General,WB,2025-01-08,70.0,9941.0,0
IBWQ,General,WB,2025-01-09,1040.0,8901.0,0
IBWQ,General,WB,2025-01-10,220.0,8681.0,0
IBWQ,General,WB,2025-01-11,380.0,8301.0,0
IBWQ,General,WB,2025-01-12,0.0,8301.0,0
IBWQ,General,WB,2025-01-13,130.0,8171.0,0
IBWQ,General,WB,2025-01-14,200.0,7971.0,0
IBWQ,General,WB,2025-01-15,0.0,12802.0,0
IBWQ,General,WB,2025-01-16,0.0,18092.0,0
IBWQ,General,WB,2025-01-17,580.0,17512.0,0
IBWQ,General,WB,2025-01-18,300.0,17212.0,0
IBWQ,General,WB,2025-01-19,0.0,17212.0,0
IBWQ,General,WB,2025-01-20,315.0,16897.0,0
IBWQ,General,WB,2025-01-21,600.0,16297.0,0
IBWQ,General,WB,2025-01-22,800.0,15497.0,0
IBWQ,General,WB,2025-01-23,790.0,14707.0,0
IBWQ,General,WB,2025-01-24,600.0,14107.0,0
IBWQ,General,WB,2025-01-25,200.0,13907.0,0
IBWQ,General,WB,2025-01-26,0.0,13907.0,0
IBWQ,General,WB,2025-01-27,1480.0,12427.0,0
IBWQ,General,WB,2025-01-28,1330.0,11097.0,0
IBWQ,General,WB,2025-01-29,2905.0,8192.0,0
IBWQ,General,WB,2025-01-30,2400.0,5792.0,0
IBWQ,General,WB,2025-01-31,2200.0,3592.0,0
IBWQ,General,WB,2025-02-01,0.0,3592.0,0
IBWQ,General,WB,2025-02-02,0.0,3592.0,0
IBWQ,General,WB,2025-02-03,0.0,3592.0,0
IBWQ,General,WB,2025-02-04,0.0,3592.0,0
IBWQ,General,WB,2025-02-05,0.0,3592.0,0
IBWQ,General,WB,2025-02-06,620.0,2972.0,0
IBWQ,General,WB,2025-02-07,610.0,7783.0,0
IBWQ,General,WB,2025-02-08,0.0,7783.0,0
IBWQ,General,WB,2025-02-09,0.0,7783.0,0
IBWQ,General,WB,2025-02-10,370.0,12654.0,0
IBWQ,General,WB,2025-02-11,770.0,11884.0,0
IBWQ,General,WB,2025-02-12,1699.0,10185.0,0
IBWQ,General,WB,2025-02-13,2440.0,7745.0,0
IBWQ,General,WB,2025-02-14,535.0,7210.0,0
IBWQ,General,WB,2025-02-15,759.0,6451.0,0
IBWQ,General,WB,2025-02-16,0.0,6451.0,0
IBWQ,General,WB,2025-02-17,900.0,5551.0,0
IBWQ,General,WB,2025-02-18,720.0,4831.0,0
IBWQ,General,WB,2025-02-19,865.0,3966.0,0
IBWQ,General,WB,2025-02-20,400.0,7910.0,0
IBWQ,General,WB,2025-02-21,765.0,11723.0,0
IBWQ,General,WB,2025-02-22,1100.0,10623.0,0
IBWQ,General,WB,2025-02-23,0.0,10623.0,0
IBWQ,General,WB,2025-02-24,693.0,14509.0,0
IBWQ,General,WB,2025-02-25,550.0,13958.5,0
IBWQ,General,WB,2025-02-26,2511.0,11447.5,0
IBWQ,General,WB,2025-02-27,3040.0,8407.5,0
IBWQ,General,WB,2025-02-28,5460.0,2947.5,0
IBWQ,General,WB,2025-03-01,0.0,2947.5,0
IBWQ,General,WB,2025-03-02,0.0,2947.5,0
IBWQ,General,WB,2025-03-03,0.0,7139.5,0
IBWQ,General,WB,2025-03-04,840.0,6299.5,0
IBWQ,General,WB,2025-03-05,2430.0,3869.5,0
IBWQ,General,WB,2025-03-06,1830.0,2039.5,0
IBWQ,General,WB,2025-03-07,602.0,6136.5,0
IBWQ,General,WB,2025-03-08,850.0,10228.5,0
IBWQ,General,WB,2025-03-09,0.0,10228.5,0
IBWQ,General,WB,2025-03-10,575.0,9653.5,0
IBWQ,General,WB,2025-03-11,2061.0,7592.5,0
IBWQ,General,WB,2025-03-12,1234.0,6358.5,0
IBWQ,General,WB,2025-03-13,1611.0,4747.5,0
IBWQ,General,WB,2025-03-14,0.0,4747.5,0
IBWQ,General,WB,2025-03-15,550.0,4197.5,0
IBWQ,General,WB,2025-03-16,0.0,4197.5,0
IBWQ,General,WB,2025-03-17,700.0,3497.5,0
IBWQ,General,WB,2025-03-18,629.0,7903.5,0
IBWQ,General,WB,2025-03-19,785.0,7118.5,0
IBWQ,General,WB,2025-03-20,500.0,6618.5,0
IBWQ,General,WB,2025-03-21,800.0,5818.5,0
IBWQ,General,WB,2025-03-22,550.0,5268.5,0
IBWQ,General,WB,2025-03-23,0.0,5268.5,0
IBWQ,General,WB,2025-03-24,1641.0,3627.5,0
IBWQ,General,WB,2025-03-25,1274.0,2353.5,0
IBWQ,General,WB,2025-03-26,1200.0,1153.5,0
IBWQ,General,WB,2025-03-27,570.0,583.5,0
IBWQ,General,WB,2025-03-28,300.0,5527.5,0
IBWQ,General,WB,2025-03-29,1970.0,8439.5,0
IBWQ,General,WB,2025-03-30,3910.0,4529.5,0
IBWQ,General,WB,2025-03-31,4520.0,9.5,0
IBWQ,General,WB,2025-04-01,0.0,9.5,0
IBWQ,General,WB,2025-04-02,0.0,9.5,0
IBWQ,General,WB,2025-04-03,0.0,9.5,0
IBWQ,General,WB,2025-04-04,0.0,9.5,0
IBWQ,General,WB,2025-04-05,0.0,9.5,0
IBWQ,General,WB,2025-04-06,0.0,9.5,0
IBWQ,General,WB,2025-04-07,0.0,4045.5,0
IBWQ,General,WB,2025-04-08,300.0,8353.5,0
IBWQ,General,WB,2025-04-09,100.0,8253.5,0
IBWQ,General,WB,2025-04-10,400.0,7853.5,0
IBWQ,General,WB,2025-04-11,150.0,7703.5,0
IBWQ,General,WB,2025-04-12,0.0,7703.5,0
IBWQ,General,WB,2025-04-13,0.0,7703.5,0
IBWQ,General,WB,2025-04-14,900.0,6803.5,0
IBWQ,General,WB,2025-04-15,0.0,6803.5,0
IBWQ,General,WB,2025-04-16,270.0,6533.5,0
IBWQ,General,WB,2025-04-17,420.0,6113.5,0
IBWQ,General,WB,2025-04-18,1500.0,4613.5,0
IBWQ,General,WB,2025-04-19,1400.0,3213.5,0
IBWQ,General,WB,2025-04-20,0.0,3213.5,0
IBWQ,General,WB,2025-04-21,0.0,3213.5,0
IBWQ,General,WB,2025-04-22,1056.0,2157.5,0
IBWQ,General,WB,2025-04-23,550.0,1607.5,0
IBWQ,General,WB,2025-04-24,699.0,5879.5,0
IBWQ,General,WB,2025-04-25,562.0,10667.5,0
IBWQ,General,WB,2025-04-26,1200.0,14784.5,0
IBWQ,General,WB,2025-04-27,0.0,14784.5,0
IBWQ,General,WB,2025-04-28,1330.0,18769.5,0
IBWQ,General,WB,2025-04-29,4641.0,14128.5,0
IBWQ,General,WB,2025-04-30,950.0,13178.5,0
RSWQ,General,WB,2023-07-01,0.0,4236.0,0
RSWQ,General,WB,2023-07-02,0.0,4236.0,0
RSWQ,General,WB,2023-07-03,0.0,4236.0,0
RSWQ,General,WB,2023-07-04,500.0,11124.0,0
RSWQ,General,WB,2023-07-05,660.0,14053.0,0
RSWQ,General,WB,2023-07-06,1655.0,15419.0,0
RSWQ,General,WB,2023-07-07,0.0,15419.0,0
RSWQ,General,WB,2023-07-08,0.0,15419.0,0
RSWQ,General,WB,2023-07-09,0.0,15419.0,0
RSWQ,General,WB,2023-07-10,3180.0,12239.0,0
RSWQ,General,WB,2023-07-11,0.0,12239.0,0
RSWQ,General,WB,2023-07-12,2440.0,9799.0,0
RSWQ,General,WB,2023-07-13,1140.0,8659.0,0
RSWQ,General,WB,2023-07-14,1440.0,10993.0,0
RSWQ,General,WB,2023-07-15,1930.0,12970.0,0
RSWQ,General,WB,2023-07-16,0.0,12970.0,0
RSWQ,General,WB,2023-07-17,1270.0,11700.0,0
RSWQ,General,WB,2023-07-18,2045.0,13643.0,0
RSWQ,General,WB,2023-07-19,1005.0,12638.0,0
RSWQ,General,WB,2023-07-20,900.0,11738.0,0
RSWQ,General,WB,2023-07-21,2100.0,9638.0,0
RSWQ,General,WB,2023-07-22,1490.0,12259.0,0
RSWQ,General,WB,2023-07-23,0.0,12259.0,0
RSWQ,General,WB,2023-07-24,1485.0,10774.0,0
RSWQ,General,WB,2023-07-25,2785.0,16246.0,0
RSWQ,General,WB,2023-07-26,1310.0,18710.0,0
RSWQ,General,WB,2023-07-27,2415.0,16730.0,0
RSWQ,General,WB,2023-07-28,1370.0,15360.0,0
RSWQ,General,WB,2023-07-29,2125.0,13235.0,0
RSWQ,General,WB,2023-07-30,0.0,13235.0,0
RSWQ,General,WB,2023-07-31,2445.0,10790.0,0
RSWQ,General,WB,2023-08-01,0.0,10790.0,0
RSWQ,General,WB,2023-08-02,0.0,10790.0,0
RSWQ,General,WB,2023-08-03,100.0,19119.0,0
RSWQ,General,WB,2023-08-04,1100.0,18019.0,0
RSWQ,General,WB,2023-08-05,1280.0,16739.0,0
RSWQ,General,WB,2023-08-06,0.0,16739.0,0
RSWQ,General,WB,2023-08-07,1445.0,18940.0,0
RSWQ,General,WB,2023-08-08,685.0,18255.0,0
RSWQ,General,WB,2023-08-09,1465.0,16790.0,0
RSWQ,General,WB,2023-08-10,870.0,15920.0,0
RSWQ,General,WB,2023-08-11,1330.0,14590.0,0
RSWQ,General,WB,2023-08-12,650.0,13940.0,0
RSWQ,General,WB,2023-08-13,0.0,13940.0,0
RSWQ,General,WB,2023-08-14,350.0,13590.0,0
RSWQ,General,WB,2023-08-15,0.0,13590.0,0
RSWQ,General,WB,2023-08-16,0.0,13590.0,0
RSWQ,General,WB,2023-08-17,940.0,16341.0,0
RSWQ,General,WB,2023-08-18,1070.0,19583.0,0
RSWQ,General,WB,2023-08-19,1116.0,18467.0,0
RSWQ,General,WB,2023-08-20,2405.0,16062.0,0
RSWQ,General,WB,2023-08-21,1200.0,14862.0,0
RSWQ,General,WB,2023-08-22,1540.0,15656.0,0
RSWQ,General,WB,2023-08-23,1390.0,18548.0,0
RSWQ,General,WB,2023-08-24,2390.0,20390.0,0
RSWQ,General,WB,2023-08-26,500.0,19337.0,0
RSWQ,General,WB,2023-08-27,0.0,19337.0,0
RSWQ,General,WB,2023-08-28,1500.0,17837.0,0
RSWQ,General,WB,2023-08-29,3520.0,14317.0,0
RSWQ,General,WB,2023-08-30,3015.0,11302.0,0
RSWQ,General,WB,2023-08-31,1700.0,9602.0,0
RSWQ,General,WB,2023-09-01,1520.0,8082.0,0
RSWQ,General,WB,2023-09-02,670.0,7412.0,0
RSWQ,General,WB,2023-09-03,0.0,7412.0,0
RSWQ,General,WB,2023-09-04,420.0,6992.0,0
RSWQ,General,WB,2023-09-05,1400.0,5592.0,0
RSWQ,General,WB,2023-09-06,1830.0,8200.0,0
RSWQ,General,WB,2023-09-07,420.0,12768.0,0
RSWQ,General,WB,2023-09-08,740.0,16425.0,0
RSWQ,General,WB,2023-09-09,2465.0,13960.0,0
RSWQ,General,WB,2023-09-10,0.0,13960.0,0
RSWQ,General,WB,2023-09-11,470.0,18887.0,0
RSWQ,General,WB,2023-09-12,2360.0,16527.0,0
RSWQ,General,WB,2023-09-13,3240.0,21592.0,0
RSWQ,General,WB,2023-09-14,3730.0,17862.0,0
RSWQ,General,WB,2023-09-15,3585.0,14277.0,0
RSWQ,General,WB,2023-09-16,2040.0,14277.0,0
RSWQ,General,WB,2023-09-17,0.0,14277.0,0
RSWQ,General,WB,2023-09-18,0.0,14277.0,0
RSWQ,General,WB,2023-09-19,7110.0,16884.0,0
RSWQ,General,WB,2023-09-20,1970.0,18310.0,0
RSWQ,General,WB,2023-09-21,3765.0,14545.0,0
RSWQ,General,WB,2023-09-22,4205.0,19946.0,0
RSWQ,General,WB,2023-09-23,500.0,19446.0,0
RSWQ,General,WB,2023-09-24,0.0,24147.0,0
RSWQ,General,WB,2023-09-25,2490.0,21657.0,0
RSWQ,General,WB,2023-09-26,4900.0,16757.0,0
RSWQ,General,WB,2023-09-27,2910.0,13847.0,0
RSWQ,General,WB,2023-09-28,3770.0,10077.0,0
RSWQ,General,WB,2023-09-29,7590.0,2487.0,0
RSWQ,General,WB,2023-09-30,2090.0,3058.0,0
RSWQ,General,WB,2023-10-01,0.0,3058.0,0
RSWQ,General,WB,2023-10-02,0.0,3058.0,0
RSWQ,General,WB,2023-10-03,0.0,7230.0,0
RSWQ,General,WB,2023-10-04,960.0,9906.0,0
RSWQ,General,WB,2023-10-05,800.0,14441.0,0
RSWQ,General,WB,2023-10-06,1090.0,13351.0,0
RSWQ,General,WB,2023-10-07,765.0,12586.0,0
RSWQ,General,WB,2023-10-08,0.0,12586.0,0
RSWQ,General,WB,2023-10-09,940.0,15845.0,0
RSWQ,General,WB,2023-10-10,240.0,19746.0,0
RSWQ,General,WB,2023-10-11,1045.0,21389.0,0
RSWQ,General,WB,2023-10-12,2425.0,18964.0,0
RSWQ,General,WB,2023-10-13,2985.0,15979.0,0
RSWQ,General,WB,2023-10-14,2246.0,13733.0,0
RSWQ,General,WB,2023-10-15,2610.0,11123.0,0
RSWQ,General,WB,2023-10-16,1380.0,9743.0,0
RSWQ,General,WB,2023-10-17,600.0,14096.0,0
RSWQ,General,WB,2023-10-18,2310.0,14423.0,0
RSWQ,General,WB,2023-10-19,2560.0,15321.0,0
RSWQ,General,WB,2023-10-20,3350.0,15778.0,0
RSWQ,General,WB,2023-10-21,0.0,15778.0,0
RSWQ,General,WB,2023-10-22,0.0,15778.0,0
RSWQ,General,WB,2023-10-23,0.0,15778.0,0
RSWQ,General,WB,2023-10-24,0.0,15778.0,0
RSWQ,General,WB,2023-10-25,4300.0,15174.0,0
RSWQ,General,WB,2023-10-26,3370.0,16801.0,0
RSWQ,General,WB,2023-10-27,2440.0,19328.0,0
RSWQ,General,WB,2023-10-28,0.0,19328.0,0
RSWQ,General,WB,2023-10-29,5390.0,13938.0,0
RSWQ,General,WB,2023-10-30,5385.0,11489.0,0
RSWQ,General,WB,2023-10-31,4242.0,7247.0,0
RSWQ,General,WB,2023-11-01,155.0,7092.0,0
RSWQ,General,WB,2023-11-02,300.0,6792.0,0
RSWQ,General,WB,2023-11-03,700.0,11183.0,0
RSWQ,General,WB,2023-11-04,710.0,10473.0,0
RSWQ,General,WB,2023-11-05,0.0,13609.0,0
RSWQ,General,WB,2023-11-06,550.0,17225.0,0
RSWQ,General,WB,2023-11-07,935.0,16290.0,0
RSWQ,General,WB,2023-11-08,200.0,16090.0,0
RSWQ,General,WB,2023-11-09,745.0,15345.0,0
RSWQ,General,WB,2023-11-10,1120.0,14225.0,0
RSWQ,General,WB,2023-11-11,1020.0,15581.0,0
RSWQ,General,WB,2023-11-12,0.0,15581.0,0
RSWQ,General,WB,2023-11-13,0.0,15581.0,0
RSWQ,General,WB,2023-11-14,720.0,15183.0,0
RSWQ,General,WB,2023-11-15,0.0,15183.0,0
RSWQ,General,WB,2023-11-16,3205.0,11978.0,0
RSWQ,General,WB,2023-11-17,2160.0,10587.0,0
RSWQ,General,WB,2023-11-18,2655.0,7932.0,0
RSWQ,General,WB,2023-11-19,0.0,7932.0,0
RSWQ,General,WB,2023-11-20,2545.0,5387.0,0
RSWQ,General,WB,2023-11-21,1450.0,10737.0,0
RSWQ,General,WB,2023-11-22,1995.0,13518.0,0
RSWQ,General,WB,2023-11-23,1620.0,13114.0,0
RSWQ,General,WB,2023-11-24,1240.0,11874.0,0
RSWQ,General,WB,2023-11-25,1450.0,13911.0,0
RSWQ,General,WB,2023-11-26,0.0,18953.0,0
RSWQ,General,WB,2023-11-27,1860.0,17093.0,0
RSWQ,General,WB,2023-11-28,2410.0,14683.0,0
RSWQ,General,WB,2023-11-29,3300.0,11383.0,0
RSWQ,General,WB,2023-11-30,3970.0,11916.0,0
RSWQ,General,WB,2023-12-01,0.0,11916.0,0
RSWQ,General,WB,2023-12-02,0.0,16350.0,0
RSWQ,General,WB,2023-12-03,0.0,16350.0,0
RSWQ,General,WB,2023-12-04,200.0,16150.0,0
RSWQ,General,WB,2023-12-05,670.0,15480.0,0
RSWQ,General,WB,2023-12-06,1420.0,14060.0,0
RSWQ,General,WB,2023-12-07,1435.0,12625.0,0
RSWQ,General,WB,2023-12-08,1720.0,10905.0,0
RSWQ,General,WB,2023-12-09,1610.0,9295.0,0
RSWQ,General,WB,2023-12-10,0.0,9295.0,0
RSWQ,General,WB,2023-12-11,420.0,8875.0,0
RSWQ,General,WB,2023-12-12,350.0,8525.0,0
RSWQ,General,WB,2023-12-13,1540.0,6985.0,0
RSWQ,General,WB,2023-12-14,2135.0,9506.0,0
RSWQ,General,WB,2023-12-15,2075.0,11878.0,0
RSWQ,General,WB,2023-12-16,1960.0,9918.0,0
RSWQ,General,WB,2023-12-17,1850.0,12301.0,0
RSWQ,General,WB,2023-12-18,0.0,12301.0,0
RSWQ,General,WB,2023-12-19,2075.0,14022.0,0
RSWQ,General,WB,2023-12-20,2090.0,11932.0,0
RSWQ,General,WB,2023-12-21,1975.0,14793.0,0
RSWQ,General,WB,2023-12-22,2200.0,17891.0,0
RSWQ,General,WB,2023-12-23,2000.0,15891.0,0
RSWQ,General,WB,2023-12-24,0.0,15891.0,0
RSWQ,General,WB,2023-12-25,2235.0,13656.0,0
RSWQ,General,WB,2023-12-26,2400.0,11256.0,0
RSWQ,General,WB,2023-12-27,2160.0,9096.0,0
RSWQ,General,WB,2023-12-28,2430.0,11380.0,0
RSWQ,General,WB,2023-12-29,3710.0,11972.0,0
RSWQ,General,WB,2023-12-30,3760.0,12197.0,0
RSWQ,General,WB,2023-12-31,4440.0,10590.0,0
RSWQ,General,WB,2024-01-01,0.0,10590.0,0
RSWQ,General,WB,2024-01-02,0.0,10590.0,0
RSWQ,General,WB,2024-01-03,220.0,13127.0,0
RSWQ,General,WB,2024-01-04,0.0,13464.0,0
RSWQ,General,WB,2024-01-05,200.0,13264.0,0
RSWQ,General,WB,2024-01-06,1240.0,12024.0,0
RSWQ,General,WB,2024-01-07,0.0,12024.0,0
RSWQ,General,WB,2024-01-08,1710.0,14437.0,0
RSWQ,General,WB,2024-01-09,2075.0,17567.0,0
RSWQ,General,WB,2024-01-10,1200.0,20881.0,0
RSWQ,General,WB,2024-01-11,2915.0,17966.0,0
RSWQ,General,WB,2024-01-12,0.0,17966.0,0
RSWQ,General,WB,2024-01-13,0.0,17966.0,0
RSWQ,General,WB,2024-01-14,0.0,17966.0,0
RSWQ,General,WB,2024-01-15,2030.0,15936.0,0
RSWQ,General,WB,2024-01-16,1240.0,18715.0,0
RSWQ,General,WB,2024-01-17,920.0,22796.0,0
RSWQ,General,WB,2024-01-18,1910.0,26230.0,0
RSWQ,General,WB,2024-01-19,1765.0,29800.0,0
RSWQ,General,WB,2024-01-20,785.0,29015.0,0
RSWQ,General,WB,2024-01-21,0.0,29015.0,0
RSWQ,General,WB,2024-01-22,1620.0,27395.0,0
RSWQ,General,WB,2024-01-23,1535.0,25860.0,0
RSWQ,General,WB,2024-01-24,1770.0,24090.0,0
RSWQ,General,WB,2024-01-25,1250.0,22840.0,0
RSWQ,General,WB,2024-01-26,0.0,22840.0,0
RSWQ,General,WB,2024-01-27,1670.0,21170.0,0
RSWQ,General,WB,2024-01-28,0.0,21170.0,0
RSWQ,General,WB,2024-01-29,1325.0,19845.0,0
RSWQ,General,WB,2024-01-30,3240.0,16605.0,0
RSWQ,General,WB,2024-01-31,4220.0,14511.0,0
RSWQ,General,WB,2024-02-01,0.0,18472.0,0
RSWQ,General,WB,2024-02-02,0.0,18472.0,0
RSWQ,General,WB,2024-02-03,0.0,18472.0,0
RSWQ,General,WB,2024-02-04,0.0,18472.0,0
RSWQ,General,WB,2024-02-05,1755.0,16717.0,0
RSWQ,General,WB,2024-02-06,0.0,16717.0,0
RSWQ,General,WB,2024-02-07,1735.0,14982.0,0
RSWQ,General,WB,2024-02-08,2280.0,12702.0,0
RSWQ,General,WB,2024-02-09,1800.0,10902.0,0
RSWQ,General,WB,2024-02-10,995.0,9907.0,0
RSWQ,General,WB,2024-02-11,0.0,9907.0,0
RSWQ,General,WB,2024-02-12,1475.0,12430.0,0
RSWQ,General,WB,2024-02-13,1525.0,15257.0,0
RSWQ,General,WB,2024-02-14,0.0,15257.0,0
RSWQ,General,WB,2024-02-15,1535.0,16429.0,0
RSWQ,General,WB,2024-02-16,2310.0,16624.0,0
RSWQ,General,WB,2024-02-17,1855.0,19451.0,0
RSWQ,General,WB,2024-02-18,0.0,19451.0,0
RSWQ,General,WB,2024-02-19,1960.0,17491.0,0
RSWQ,General,WB,2024-02-20,1780.0,15711.0,0
RSWQ,General,WB,2024-02-21,595.0,15116.0,0
RSWQ,General,WB,2024-02-22,1865.0,13251.0,0
RSWQ,General,WB,2024-02-23,2020.0,11231.0,0
RSWQ,General,WB,2024-02-24,970.0,10261.0,0
RSWQ,General,WB,2024-02-25,0.0,10261.0,0
RSWQ,General,WB,2024-02-26,1705.0,8556.0,0
RSWQ,General,WB,2024-02-27,1390.0,11582.0,0
RSWQ,General,WB,2024-02-28,2450.0,14533.0,0
RSWQ,General,WB,2024-02-29,5130.0,13226.0,0
RSWQ,General,WB,2024-03-01,0.0,13226.0,0
RSWQ,General,WB,2024-03-02,0.0,13226.0,0
RSWQ,General,WB,2024-03-03,0.0,13226.0,0
RSWQ,General,WB,2024-03-04,1550.0,15148.0,0
RSWQ,General,WB,2024-03-05,1365.0,18249.0,0
RSWQ,General,WB,2024-03-06,1075.0,17174.0,0
RSWQ,General,WB,2024-03-07,830.0,16344.0,0
RSWQ,General,WB,2024-03-08,1045.0,15299.0,0
RSWQ,General,WB,2024-03-09,360.0,14939.0,0
RSWQ,General,WB,2024-03-10,0.0,14939.0,0
RSWQ,General,WB,2024-03-11,925.0,14014.0,0
RSWQ,General,WB,2024-03-12,1955.0,16309.0,0
RSWQ,General,WB,2024-03-13,3617.0,12692.0,0
RSWQ,General,WB,2024-03-14,2145.0,11047.0,0
RSWQ,General,WB,2024-03-15,1585.0,9462.0,0
RSWQ,General,WB,2024-03-16,1920.0,10037.0,0
RSWQ,General,WB,2024-03-17,0.0,10037.0,0
RSWQ,General,WB,2024-03-18,4705.0,9291.0,0
RSWQ,General,WB,2024-03-19,1555.0,7736.0,0
RSWQ,General,WB,2024-03-20,720.0,7016.0,0
RSWQ,General,WB,2024-03-21,3765.0,7311.0,0
RSWQ,General,WB,2024-03-22,2375.0,9195.0,0
RSWQ,General,WB,2024-03-23,2820.0,7607.0,0
RSWQ,General,WB,2024-03-24,0.0,7607.0,0
RSWQ,General,WB,2024-03-25,0.0,7607.0,0
RSWQ,General,WB,2024-03-26,5210.0,6596.0,0
RSWQ,General,WB,2024-03-27,900.0,9298.0,0
RSWQ,General,WB,2024-03-28,2680.0,10718.0,0
RSWQ,General,WB,2024-03-29,1670.0,13150.0,0
RSWQ,General,WB,2024-03-30,3730.0,13469.0,0
RSWQ,General,WB,2024-03-31,4870.0,8599.0,0
RSWQ,General,WB,2024-04-01,0.0,8599.0,0
RSWQ,General,WB,2024-04-02,0.0,8599.0,0
RSWQ,General,WB,2024-04-03,0.0,12621.0,0
RSWQ,General,WB,2024-04-04,400.0,16449.0,0
RSWQ,General,WB,2024-04-05,1435.0,15014.0,0
RSWQ,General,WB,2024-04-06,550.0,14464.0,0
RSWQ,General,WB,2024-04-07,0.0,14464.0,0
RSWQ,General,WB,2024-04-08,735.0,13729.0,0
RSWQ,General,WB,2024-04-09,820.0,12909.0,0
RSWQ,General,WB,2024-04-10,1050.0,16143.0,0
RSWQ,General,WB,2024-04-11,1400.0,14743.0,0
RSWQ,General,WB,2024-04-12,1090.0,13653.0,0
RSWQ,General,WB,2024-04-13,840.0,12813.0,0
RSWQ,General,WB,2024-04-14,0.0,12813.0,0
RSWQ,General,WB,2024-04-15,2130.0,10683.0,0
RSWQ,General,WB,2024-04-16,1325.0,13764.0,0
RSWQ,General,WB,2024-04-17,885.0,12948.0,0
RSWQ,General,WB,2024-04-18,910.0,16294.0,0
RSWQ,General,WB,2024-04-19,1020.0,19662.0,0
RSWQ,General,WB,2024-04-20,400.0,19262.0,0
RSWQ,General,WB,2024-04-21,0.0,19262.0,0
RSWQ,General,WB,2024-04-22,600.0,18662.0,0
RSWQ,General,WB,2024-04-23,1250.0,21892.0,0
RSWQ,General,WB,2024-04-24,550.0,21342.0,0
RSWQ,General,WB,2024-04-25,640.0,21575.0,0
RSWQ,General,WB,2024-04-26,1570.0,24227.0,0
RSWQ,General,WB,2024-04-27,1490.0,22737.0,0
RSWQ,General,WB,2024-04-28,3510.0,19227.0,0
RSWQ,General,WB,2024-04-29,970.0,18257.0,0
RSWQ,General,WB,2024-04-30,5510.0,15003.0,0
RSWQ,General,WB,2024-05-01,0.0,15003.0,0
RSWQ,General,WB,2024-05-02,0.0,15003.0,0
RSWQ,General,WB,2024-05-03,0.0,15003.0,0
RSWQ,General,WB,2024-05-04,0.0,15003.0,0
RSWQ,General,WB,2024-05-05,0.0,15003.0,0
RSWQ,General,WB,2024-05-06,2260.0,16865.0,0
RSWQ,General,WB,2024-05-07,1360.0,19510.0,0
RSWQ,General,WB,2024-05-08,340.0,19170.0,0
RSWQ,General,WB,2024-05-09,770.0,22179.0,0
RSWQ,General,WB,2024-05-10,1390.0,20789.0,0
RSWQ,General,WB,2024-05-11,890.0,19899.0,0
RSWQ,General,WB,2024-05-12,0.0,19899.0,0
RSWQ,General,WB,2024-05-13,1040.0,23250.0,0
RSWQ,General,WB,2024-05-14,3400.0,19850.0,0
RSWQ,General,WB,2024-05-15,830.0,19020.0,0
RSWQ,General,WB,2024-05-16,2430.0,16590.0,0
RSWQ,General,WB,2024-05-17,3120.0,13470.0,0
RSWQ,General,WB,2024-05-18,3400.0,10070.0,0
RSWQ,General,WB,2024-05-19,0.0,10070.0,0
RSWQ,General,WB,2024-05-20,0.0,10070.0,0
RSWQ,General,WB,2024-05-21,4115.0,9458.0,0
RSWQ,General,WB,2024-05-22,2515.0,6943.0,0
RSWQ,General,WB,2024-05-23,3100.0,7870.0,0
RSWQ,General,WB,2024-05-24,3460.0,8523.0,0
RSWQ,General,WB,2024-05-25,1410.0,7113.0,0
RSWQ,General,WB,2024-05-26,0.0,7113.0,0
RSWQ,General,WB,2024-05-27,0.0,7113.0,0
RSWQ,General,WB,2024-05-28,2575.0,4538.0,0
RSWQ,General,WB,2024-05-29,1690.0,2848.0,0
RSWQ,General,WB,2024-05-30,1860.0,5431.0,0
RSWQ,General,WB,2024-05-31,2905.0,6764.0,0
RSWQ,General,WB,2024-06-01,0.0,10760.0,0
RSWQ,General,WB,2024-06-02,0.0,10760.0,0
RSWQ,General,WB,2024-06-03,0.0,14930.0,0
RSWQ,General,WB,2024-06-04,2650.0,12280.0,0
RSWQ,General,WB,2024-06-05,1670.0,10610.0,0
RSWQ,General,WB,2024-06-06,850.0,9760.0,0
RSWQ,General,WB,2024-06-07,1790.0,7970.0,0
RSWQ,General,WB,2024-06-08,2400.0,5570.0,0
RSWQ,General,WB,2024-06-09,0.0,5570.0,0
RSWQ,General,WB,2024-06-10,1610.0,8121.0,0
RSWQ,General,WB,2024-06-11,2380.0,9804.0,0
RSWQ,General,WB,2024-06-12,1240.0,8564.0,0
RSWQ,General,WB,2024-06-13,2880.0,5684.0,0
RSWQ,General,WB,2024-06-14,1260.0,7021.0,0
RSWQ,General,WB,2024-06-15,1855.0,9328.0,0
RSWQ,General,WB,2024-06-16,0.0,9328.0,0
RSWQ,General,WB,2024-06-17,0.0,9328.0,0
RSWQ,General,WB,2024-06-18,2145.0,12306.0,0
RSWQ,General,WB,2024-06-19,2340.0,9966.0,0
RSWQ,General,WB,2024-06-20,3640.0,11424.0,0
RSWQ,General,WB,2024-06-21,3540.0,13373.0,0
RSWQ,General,WB,2024-06-22,2660.0,15860.0,0
RSWQ,General,WB,2024-06-23,0.0,15860.0,0
RSWQ,General,WB,2024-06-24,1770.0,14090.0,0
RSWQ,General,WB,2024-06-25,2240.0,11850.0,0
RSWQ,General,WB,2024-06-26,2960.0,8890.0,0
RSWQ,General,WB,2024-06-27,2930.0,5960.0,0
RSWQ,General,WB,2024-06-28,3515.0,2445.0,0
RSWQ,General,WB,2024-06-29,1660.0,6330.0,0
RSWQ,General,WB,2024-06-30,5205.0,5481.0,0
RSWQ,General,WB,2024-07-01,0.0,5481.0,0
RSWQ,General,WB,2024-07-02,0.0,5481.0,0
RSWQ,General,WB,2024-07-03,0.0,9595.0,0
RSWQ,General,WB,2024-07-04,165.0,13669.0,0
RSWQ,General,WB,2024-07-05,1255.0,15708.0,0
RSWQ,General,WB,2024-07-06,390.0,15739.0,0
RSWQ,General,WB,2024-07-07,0.0,15739.0,0
RSWQ,General,WB,2024-07-08,981.0,19224.0,0
RSWQ,General,WB,2024-07-09,510.0,23055.0,0
RSWQ,General,WB,2024-07-10,385.0,27069.0,0
RSWQ,General,WB,2024-07-11,730.0,26339.0,0
RSWQ,General,WB,2024-07-12,760.0,25579.0,0
RSWQ,General,WB,2024-07-13,1550.0,24029.0,0
RSWQ,General,WB,2024-07-14,0.0,24029.0,0
RSWQ,General,WB,2024-07-15,1250.0,22779.0,0
RSWQ,General,WB,2024-07-16,2900.0,19879.0,0
RSWQ,General,WB,2024-07-17,1030.0,23049.0,0
RSWQ,General,WB,2024-07-18,535.0,26782.0,0
RSWQ,General,WB,2024-07-19,850.0,26846.0,0
RSWQ,General,WB,2024-07-20,2828.0,24018.0,0
RSWQ,General,WB,2024-07-21,0.0,24018.0,0
RSWQ,General,WB,2024-07-22,800.0,26317.0,0
RSWQ,General,WB,2024-07-23,880.0,29787.0,0
RSWQ,General,WB,2024-07-24,1560.0,28227.0,0
RSWQ,General,WB,2024-07-25,2650.0,25577.0,0
RSWQ,General,WB,2024-07-26,3490.0,22087.0,0
RSWQ,General,WB,2024-07-27,2890.0,19197.0,0
RSWQ,General,WB,2024-07-28,0.0,19197.0,0
RSWQ,General,WB,2024-07-29,2970.0,16227.0,0
RSWQ,General,WB,2024-07-30,3360.0,12867.0,0
RSWQ,General,WB,2024-07-31,5260.0,12067.0,0
RSWQ,General,WB,2024-08-01,0.0,16762.0,0
RSWQ,General,WB,2024-08-02,370.0,21282.0,0
RSWQ,General,WB,2024-08-03,1300.0,24663.0,0
RSWQ,General,WB,2024-08-04,0.0,24663.0,0
RSWQ,General,WB,2024-08-05,0.0,24663.0,0
RSWQ,General,WB,2024-08-06,220.0,24443.0,0
RSWQ,General,WB,2024-08-07,610.0,23833.0,0
RSWQ,General,WB,2024-08-08,2245.0,21588.0,0
RSWQ,General,WB,2024-08-09,2550.0,19038.0,0
RSWQ,General,WB,2024-08-10,1290.0,22421.0,0
RSWQ,General,WB,2024-08-11,450.0,21971.0,0
RSWQ,General,WB,2024-08-12,370.0,25872.0,0
RSWQ,General,WB,2024-08-13,1310.0,24562.0,0
RSWQ,General,WB,2024-08-14,930.0,23632.0,0
RSWQ,General,WB,2024-08-15,0.0,23632.0,0
RSWQ,General,WB,2024-08-16,2220.0,21412.0,0
RSWQ,General,WB,2024-08-17,2970.0,18442.0,0
RSWQ,General,WB,2024-08-18,0.0,18442.0,0
RSWQ,General,WB,2024-08-19,2045.0,16397.0,0
RSWQ,General,WB,2024-08-20,1100.0,15297.0,0
RSWQ,General,WB,2024-08-21,2480.0,13291.0,0
RSWQ,General,WB,2024-08-22,1820.0,16776.0,0
RSWQ,General,WB,2024-08-23,2515.0,19432.0,0
RSWQ,General,WB,2024-08-24,1915.0,17517.0,0
RSWQ,General,WB,2024-08-25,0.0,17517.0,0
RSWQ,General,WB,2024-08-26,850.0,16667.0,0
RSWQ,General,WB,2024-08-27,5717.0,10950.0,0
RSWQ,General,WB,2024-08-28,0.0,10950.0,0
RSWQ,General,WB,2024-08-29,1759.0,9191.0,0
RSWQ,General,WB,2024-08-30,3555.0,9693.0,0
RSWQ,General,WB,2024-08-31,8324.0,1369.0,0
RSWQ,General,WB,2024-09-01,0.0,1369.0,0
RSWQ,General,WB,2024-09-02,0.0,5930.0,0
RSWQ,General,WB,2024-09-03,0.0,10068.0,0
RSWQ,General,WB,2024-09-04,0.0,14649.0,0
RSWQ,General,WB,2024-09-05,5490.0,9159.0,0
RSWQ,General,WB,2024-09-06,600.0,13492.0,0
RSWQ,General,WB,2024-09-07,1160.0,17572.0,0
RSWQ,General,WB,2024-09-08,0.0,17572.0,0
RSWQ,General,WB,2024-09-09,150.0,22599.0,0
RSWQ,General,WB,2024-09-10,670.0,25291.0,0
RSWQ,General,WB,2024-09-11,920.0,24371.0,0
RSWQ,General,WB,2024-09-12,1670.0,22701.0,0
RSWQ,General,WB,2024-09-13,820.0,21881.0,0
RSWQ,General,WB,2024-09-14,2010.0,21881.0,0
RSWQ,General,WB,2024-09-15,0.0,21881.0,0
RSWQ,General,WB,2024-09-16,1440.0,18431.0,0
RSWQ,General,WB,2024-09-17,0.0,18431.0,0
RSWQ,General,WB,2024-09-18,4785.0,16758.0,0
RSWQ,General,WB,2024-09-19,1875.0,18875.0,0
RSWQ,General,WB,2024-09-20,2570.0,20099.0,0
RSWQ,General,WB,2024-09-21,472.0,23575.0,0
RSWQ,General,WB,2024-09-22,0.0,23575.0,0
RSWQ,General,WB,2024-09-23,860.0,22715.0,0
RSWQ,General,WB,2024-09-24,684.0,22031.0,0
RSWQ,General,WB,2024-09-25,1261.0,20770.0,0
RSWQ,General,WB,2024-09-26,3180.0,17590.0,0
RSWQ,General,WB,2024-09-27,2351.0,15239.0,0
RSWQ,General,WB,2024-09-28,1980.0,17807.0,0
RSWQ,General,WB,2024-09-29,3670.0,18592.0,0
RSWQ,General,WB,2024-09-30,2140.0,26579.0,0
RSWQ,General,WB,2024-10-01,0.0,26579.0,0
RSWQ,General,WB,2024-10-02,0.0,26579.0,0
RSWQ,General,WB,2024-10-03,0.0,30706.0,0
RSWQ,General,WB,2024-10-04,3883.0,26823.0,0
RSWQ,General,WB,2024-10-05,1300.0,25523.0,0
RSWQ,General,WB,2024-10-06,1400.0,24123.0,0
RSWQ,General,WB,2024-10-07,2240.0,21883.0,0
RSWQ,General,WB,2024-10-08,2610.0,19273.0,0
RSWQ,General,WB,2024-10-09,2540.0,16733.0,0
RSWQ,General,WB,2024-10-10,0.0,16733.0,0
RSWQ,General,WB,2024-10-11,0.0,16733.0,0
RSWQ,General,WB,2024-10-12,0.0,16733.0,0
RSWQ,General,WB,2024-10-13,0.0,16733.0,0
RSWQ,General,WB,2024-10-14,0.0,16733.0,0
RSWQ,General,WB,2024-10-15,5100.0,11633.0,0
RSWQ,General,WB,2024-10-16,3770.0,7863.0,0
RSWQ,General,WB,2024-10-17,0.0,7863.0,0
RSWQ,General,WB,2024-10-18,5630.0,7092.0,0
RSWQ,General,WB,2024-10-19,3000.0,9545.0,0
RSWQ,General,WB,2024-10-20,0.0,9545.0,0
RSWQ,General,WB,2024-10-21,4380.0,5165.0,0
RSWQ,General,WB,2024-10-22,1830.0,7535.0,0
RSWQ,General,WB,2024-10-23,2160.0,9377.0,0
RSWQ,General,WB,2024-10-24,750.0,8627.0,0
RSWQ,General,WB,2024-10-25,2290.0,6337.0,0
RSWQ,General,WB,2024-10-26,1700.0,9929.0,0
RSWQ,General,WB,2024-10-27,0.0,9929.0,0
RSWQ,General,WB,2024-10-28,1300.0,8629.0,0
RSWQ,General,WB,2024-10-29,3480.0,7311.0,0
RSWQ,General,WB,2024-10-30,3430.0,3881.0,0
RSWQ,General,WB,2024-10-31,3096.0,785.0,0
RSWQ,General,WB,2024-11-01,0.0,785.0,0
RSWQ,General,WB,2024-11-02,0.0,785.0,0
RSWQ,General,WB,2024-11-03,0.0,785.0,0
RSWQ,General,WB,2024-11-04,600.0,2830.0,0
RSWQ,General,WB,2024-11-05,900.0,1930.0,0
RSWQ,General,WB,2024-11-06,770.0,5279.0,0
RSWQ,General,WB,2024-11-07,1450.0,3829.0,0
RSWQ,General,WB,2024-11-08,740.0,3089.0,0
RSWQ,General,WB,2024-11-09,300.0,2789.0,0
RSWQ,General,WB,2024-11-10,0.0,2789.0,0
RSWQ,General,WB,2024-11-11,2220.0,569.0,0
RSWQ,General,WB,2024-11-12,250.0,4359.0,0
RSWQ,General,WB,2024-11-13,2528.0,6149.0,0
RSWQ,General,WB,2024-11-14,2320.0,10331.0,0
RSWQ,General,WB,2024-11-15,1600.0,8731.0,0
RSWQ,General,WB,2024-11-16,2490.0,6241.0,0
RSWQ,General,WB,2024-11-17,0.0,6241.0,0
RSWQ,General,WB,2024-11-18,1355.0,10188.0,0
RSWQ,General,WB,2024-11-19,1420.0,8768.0,0
RSWQ,General,WB,2024-11-20,1120.0,7648.0,0
RSWQ,General,WB,2024-11-21,1110.0,6538.0,0
RSWQ,General,WB,2024-11-22,700.0,5838.0,0
RSWQ,General,WB,2024-11-23,450.0,6399.0,0
RSWQ,General,WB,2024-11-24,0.0,6399.0,0
RSWQ,General,WB,2024-11-25,900.0,9759.0,0
RSWQ,General,WB,2024-11-26,820.0,8939.0,0
RSWQ,General,WB,2024-11-27,1920.0,15510.0,0
RSWQ,General,WB,2024-11-28,1020.0,18955.0,0
RSWQ,General,WB,2024-11-29,2170.0,16785.0,0
RSWQ,General,WB,2024-11-30,4165.0,12620.0,0
RSWQ,General,WB,2024-12-01,0.0,12620.0,0
RSWQ,General,WB,2024-12-02,0.0,12620.0,0
RSWQ,General,WB,2024-12-03,1665.0,10955.0,0
RSWQ,General,WB,2024-12-04,0.0,14510.0,0
RSWQ,General,WB,2024-12-05,1230.0,17391.0,0
RSWQ,General,WB,2024-12-06,1080.0,16311.0,0
RSWQ,General,WB,2024-12-07,820.0,15491.0,0
RSWQ,General,WB,2024-12-08,0.0,15491.0,0
RSWQ,General,WB,2024-12-09,700.0,19578.0,0
RSWQ,General,WB,2024-12-10,870.0,18708.0,0
RSWQ,General,WB,2024-12-11,855.0,22779.0,0
RSWQ,General,WB,2024-12-12,1105.0,21674.0,0
RSWQ,General,WB,2024-12-13,1581.0,23155.0,0
RSWQ,General,WB,2024-12-14,1570.0,21585.0,0
RSWQ,General,WB,2024-12-15,0.0,21585.0,0
RSWQ,General,WB,2024-12-16,1840.0,24317.0,0
RSWQ,General,WB,2024-12-17,1405.0,22912.0,0
RSWQ,General,WB,2024-12-18,1640.0,25264.0,0
RSWQ,General,WB,2024-12-19,3950.0,21314.0,0
RSWQ,General,WB,2024-12-20,3950.0,17364.0,0
RSWQ,General,WB,2024-12-21,3535.0,17696.0,0
RSWQ,General,WB,2024-12-22,0.0,17696.0,0
RSWQ,General,WB,2024-12-23,2660.0,19015.0,0
RSWQ,General,WB,2024-12-24,3690.0,19433.0,0
RSWQ,General,WB,2024-12-25,0.0,23614.0,0
RSWQ,General,WB,2024-12-26,4020.0,19906.0,0
RSWQ,General,WB,2024-12-27,3340.0,16566.0,0
RSWQ,General,WB,2024-12-28,2140.0,14426.0,0
RSWQ,General,WB,2024-12-29,2760.0,11666.0,0
RSWQ,General,WB,2024-12-30,4065.0,7601.0,0
RSWQ,General,WB,2024-12-31,2420.0,5181.0,0
RSWQ,General,WB,2025-01-01,0.0,5181.0,0
RSWQ,General,WB,2025-01-02,0.0,5181.0,0
RSWQ,General,WB,2025-01-03,0.0,5181.0,0
RSWQ,General,WB,2025-01-04,0.0,5181.0,0
RSWQ,General,WB,2025-01-05,0.0,5181.0,0
RSWQ,General,WB,2025-01-06,0.0,5181.0,0
RSWQ,General,WB,2025-01-07,2780.0,2401.0,0
RSWQ,General,WB,2025-01-08,500.0,1901.0,0
RSWQ,General,WB,2025-01-09,1000.0,901.0,0
RSWQ,General,WB,2025-01-10,0.0,5112.0,0
RSWQ,General,WB,2025-01-11,3026.0,6352.0,0
RSWQ,General,WB,2025-01-12,0.0,6352.0,0
RSWQ,General,WB,2025-01-13,1930.0,4422.0,0
RSWQ,General,WB,2025-01-14,573.0,3849.0,0
RSWQ,General,WB,2025-01-15,170.0,8109.0,0
RSWQ,General,WB,2025-01-16,0.0,12525.0,0
RSWQ,General,WB,2025-01-17,2920.0,9605.0,0
RSWQ,General,WB,2025-01-18,1940.0,7665.0,0
RSWQ,General,WB,2025-01-19,0.0,7665.0,0
RSWQ,General,WB,2025-01-20,1890.0,10188.0,0
RSWQ,General,WB,2025-01-21,3780.0,6408.0,0
RSWQ,General,WB,2025-01-22,2015.0,4393.0,0
RSWQ,General,WB,2025-01-23,1450.0,2943.0,0
RSWQ,General,WB,2025-01-24,1080.0,6038.0,0
RSWQ,General,WB,2025-01-25,500.0,5538.0,0
RSWQ,General,WB,2025-01-26,0.0,5538.0,0
RSWQ,General,WB,2025-01-27,3653.0,1885.0,0
RSWQ,General,WB,2025-01-28,3920.0,1751.0,0
RSWQ,General,WB,2025-01-29,1440.0,4635.0,0
RSWQ,General,WB,2025-01-30,4480.0,2787.0,0
RSWQ,General,WB,2025-01-31,6100.0,671.0,0
RSWQ,General,WB,2025-02-01,0.0,671.0,0
RSWQ,General,WB,2025-02-02,0.0,671.0,0
RSWQ,General,WB,2025-02-03,0.0,671.0,0
RSWQ,General,WB,2025-02-04,0.0,5073.0,0
RSWQ,General,WB,2025-02-05,0.0,9563.0,0
RSWQ,General,WB,2025-02-06,1550.0,12277.0,0
RSWQ,General,WB,2025-02-07,835.0,15977.0,0
RSWQ,General,WB,2025-02-08,0.0,15977.0,0
RSWQ,General,WB,2025-02-09,0.0,15977.0,0
RSWQ,General,WB,2025-02-10,1170.0,14807.0,0
RSWQ,General,WB,2025-02-11,620.0,14187.0,0
RSWQ,General,WB,2025-02-12,2991.0,12499.0,0
RSWQ,General,WB,2025-02-13,3934.0,12718.0,0
RSWQ,General,WB,2025-02-14,1075.0,16244.0,0
RSWQ,General,WB,2025-02-15,620.0,19894.0,0
RSWQ,General,WB,2025-02-16,0.0,19894.0,0
RSWQ,General,WB,2025-02-17,1700.0,18194.0,0
RSWQ,General,WB,2025-02-18,1450.0,16744.0,0
RSWQ,General,WB,2025-02-19,1310.0,15434.0,0
RSWQ,General,WB,2025-02-20,2140.0,17460.0,0
RSWQ,General,WB,2025-02-21,2795.0,19173.0,0
RSWQ,General,WB,2025-02-22,1349.0,17824.0,0
RSWQ,General,WB,2025-02-23,0.0,17824.0,0
RSWQ,General,WB,2025-02-24,2169.0,15655.0,0
RSWQ,General,WB,2025-02-25,3360.0,14129.0,0
RSWQ,General,WB,2025-02-26,1470.0,12659.0,0
RSWQ,General,WB,2025-02-27,4120.0,13584.0,0
RSWQ,General,WB,2025-02-28,6900.0,6684.0,0
RSWQ,General,WB,2025-03-01,0.0,6684.0,0
RSWQ,General,WB,2025-03-02,0.0,6684.0,0
RSWQ,General,WB,2025-03-03,700.0,5984.0,0
RSWQ,General,WB,2025-03-04,1800.0,4184.0,0
RSWQ,General,WB,2025-03-05,720.0,3464.0,0
RSWQ,General,WB,2025-03-06,1010.0,6674.0,0
RSWQ,General,WB,2025-03-07,1060.0,9734.0,0
RSWQ,General,WB,2025-03-08,1643.0,9970.0,0
RSWQ,General,WB,2025-03-09,0.0,9970.0,0
RSWQ,General,WB,2025-03-10,800.0,13564.0,0
RSWQ,General,WB,2025-03-11,5503.0,12369.0,0
RSWQ,General,WB,2025-03-12,1434.0,10935.0,0
RSWQ,General,WB,2025-03-13,5107.0,5828.0,0
RSWQ,General,WB,2025-03-14,0.0,5828.0,0
RSWQ,General,WB,2025-03-15,1977.0,3851.0,0
RSWQ,General,WB,2025-03-16,0.0,3851.0,0
RSWQ,General,WB,2025-03-17,215.0,3636.0,0
RSWQ,General,WB,2025-03-18,2051.0,1585.0,0
RSWQ,General,WB,2025-03-19,1450.0,4597.0,0
RSWQ,General,WB,2025-03-20,2970.0,4829.0,0
RSWQ,General,WB,2025-03-21,2618.0,4100.0,0
RSWQ,General,WB,2025-03-22,3851.0,5552.0,0
RSWQ,General,WB,2025-03-23,0.0,5552.0,0
RSWQ,General,WB,2025-03-24,2597.0,8446.0,0
RSWQ,General,WB,2025-03-25,4057.0,9905.0,0
RSWQ,General,WB,2025-03-26,4740.0,9345.0,0
RSWQ,General,WB,2025-03-27,6638.0,4566.0,0
RSWQ,General,WB,2025-03-28,2510.0,6326.0,0
RSWQ,General,WB,2025-03-29,400.0,5926.0,0
RSWQ,General,WB,2025-03-30,4740.0,1186.0,0
RSWQ,General,WB,2025-03-31,4920.0,547.0,0
RSWQ,General,WB,2025-04-01,0.0,547.0,0
RSWQ,General,WB,2025-04-02,0.0,4740.0,0
RSWQ,General,WB,2025-04-03,0.0,9190.0,0
RSWQ,General,WB,2025-04-04,590.0,12883.0,0
RSWQ,General,WB,2025-04-05,0.0,12883.0,0
RSWQ,General,WB,2025-04-06,0.0,12883.0,0
RSWQ,General,WB,2025-04-07,0.0,12883.0,0
RSWQ,General,WB,2025-04-08,2508.0,10375.0,0
RSWQ,General,WB,2025-04-09,1010.0,9365.0,0
RSWQ,General,WB,2025-04-10,1431.0,7934.0,0
RSWQ,General,WB,2025-04-11,2798.0,8193.0,0
RSWQ,General,WB,2025-04-12,0.0,8193.0,0
RSWQ,General,WB,2025-04-13,0.0,8193.0,0
RSWQ,General,WB,2025-04-14,5150.0,7267.0,0
RSWQ,General,WB,2025-04-15,0.0,7267.0,0
RSWQ,General,WB,2025-04-16,4360.0,4416.0,0
RSWQ,General,WB,2025-04-17,4260.0,4312.0,0
RSWQ,General,WB,2025-04-18,1820.0,7395.0,0
RSWQ,General,WB,2025-04-19,2040.0,5355.0,0
RSWQ,General,WB,2025-04-20,0.0,5355.0,0
RSWQ,General,WB,2025-04-21,980.0,8638.0,0
RSWQ,General,WB,2025-04-22,1026.0,7612.0,0
RSWQ,General,WB,2025-04-23,580.0,10701.0,0
RSWQ,General,WB,2025-04-24,494.0,12515.0,0
RSWQ,General,WB,2025-04-25,615.0,16399.0,0
RSWQ,General,WB,2025-04-26,1470.0,14929.0,0
RSWQ,General,WB,2025-04-27,0.0,14929.0,0
RSWQ,General,WB,2025-04-28,800.0,14129.0,0
RSWQ,General,WB,2025-04-29,2259.0,11870.0,0
RSWQ,General,WB,2025-04-30,600.0,11270.0,0
